{
  "blackmail_receiver_heads": [
    [
      0,
      8
    ],
    [
      15,
      7
    ],
    [
      6,
      2
    ],
    [
      6,
      8
    ],
    [
      0,
      6
    ],
    [
      3,
      11
    ],
    [
      14,
      5
    ],
    [
      17,
      11
    ],
    [
      13,
      8
    ],
    [
      1,
      8
    ],
    [
      2,
      1
    ],
    [
      21,
      2
    ],
    [
      19,
      9
    ],
    [
      21,
      3
    ],
    [
      10,
      7
    ],
    [
      21,
      1
    ],
    [
      13,
      3
    ],
    [
      3,
      8
    ],
    [
      18,
      2
    ],
    [
      11,
      6
    ]
  ],
  "acceptance_receiver_heads": [],
  "blackmail_kurtosis_mean": [
    [
      3.7501451459641766,
      7.551305309566175,
      6.981733607522691,
      6.821401633645567,
      8.700869501614969,
      6.132812940910767,
      13.474243373086297,
      2.3110122056860503,
      20.66031581377949,
      4.834081594893555,
      8.835019769763578,
      7.577512804055434
    ],
    [
      9.144916738543092,
      3.1586245419373977,
      7.0533290580114985,
      8.829832633768234,
      3.1723757123281033,
      1.9801958140732798,
      5.402922325296549,
      3.3745462146545027,
      12.247784808159775,
      3.830354693997167,
      5.449043104218316,
      6.051552013816152
    ],
    [
      2.3749389792664277,
      12.028706363079754,
      5.4218974169011,
      5.160063850269417,
      4.310489018482187,
      4.469190785848322,
      2.5297237128331,
      3.300902847096123,
      2.1999241963219878,
      3.4273876812629034,
      3.022023456078368,
      4.696961884990737
    ],
    [
      4.127018491792527,
      3.1858213942808042,
      6.424772080210748,
      5.886707911347676,
      3.817501514596961,
      6.5362744967283515,
      7.872314751165414,
      2.3087515941043493,
      10.74788852789252,
      8.676370643805662,
      6.1314415509138795,
      13.376973118381711
    ],
    [
      4.6677353241000175,
      4.144925216603252,
      9.436731550033592,
      5.209476138553848,
      5.772417849066046,
      3.332564313838317,
      9.514888717436758,
      8.336779326552056,
      3.3737367160500016,
      9.349315120613932,
      2.5499613071385863,
      4.989287509476892
    ],
    [
      10.50550899334155,
      5.98412878001436,
      3.743113651814403,
      5.87466789887103,
      5.585803695015017,
      10.0027655595003,
      3.224972924976723,
      3.1144640329280846,
      6.186537844439567,
      9.289516495071812,
      5.282372133355696,
      5.593352037764662
    ],
    [
      3.5858934627938326,
      3.2592830347373587,
      13.538062169820005,
      7.977841620464885,
      5.344247282232853,
      6.953546186473035,
      4.579593950041343,
      3.0380877533732074,
      13.536621164542707,
      5.552348675655633,
      6.58354364662153,
      8.471861205080867
    ],
    [
      6.5650275997327405,
      4.707230822382039,
      10.431192950076797,
      6.165837979066827,
      7.12997212834831,
      4.812500252666235,
      8.530529502315567,
      2.64789251273864,
      2.5517444923686785,
      7.352853893824829,
      4.973548125660886,
      5.232030717432427
    ],
    [
      3.6069099338110693,
      3.9406767533832374,
      8.16598709977172,
      2.7628685593705677,
      4.41648940746396,
      6.1476328275276,
      3.7210373317183354,
      5.924492319073631,
      3.6934124560770316,
      3.0097362622871815,
      3.864626204185041,
      3.0705273711248737
    ],
    [
      4.261738141752053,
      6.570432255285215,
      9.7655968709471,
      10.482495315520937,
      10.143702132039138,
      7.257314110243194,
      3.4190579890243735,
      6.67967245601197,
      5.598395030498014,
      4.539782093079084,
      4.297398111107214,
      4.862176841178474
    ],
    [
      3.340205657591012,
      6.502884793599714,
      6.9589071867647,
      6.2060097291236636,
      6.991085966836332,
      2.5391344143928416,
      4.371913439719947,
      10.952982685416476,
      3.6785839217845706,
      3.8974782791340603,
      9.373630063416151,
      4.489564604797807
    ],
    [
      1.9073454832850552,
      9.67772846716271,
      4.692308474494105,
      1.4635260074237637,
      6.171104295708078,
      6.185658326651954,
      10.682945009575006,
      3.4253604311506245,
      3.4630805914293528,
      6.238239961180856,
      3.976579700092746,
      9.9216564775245
    ],
    [
      3.4263627362819453,
      2.4079012489880807,
      6.953750219746921,
      1.425102037678283,
      10.003515435571206,
      4.462049347741138,
      3.370469668379968,
      5.329370119899376,
      7.039511001576332,
      4.996848345409398,
      5.603067317984967,
      6.213135871732078
    ],
    [
      6.875469673279383,
      3.955948823193349,
      4.426896097004205,
      10.828484021105236,
      3.954639226029485,
      4.6676270463853475,
      5.4587823969219365,
      5.231862451124129,
      12.285859660542378,
      7.59236663400787,
      5.725895158474382,
      4.0353296456898775
    ],
    [
      7.082197091866458,
      5.410032215179967,
      2.047952286663797,
      3.9231257251298546,
      3.99479583099149,
      13.079173045399664,
      2.973183397999665,
      8.004477442520082,
      7.091254445582234,
      3.445373722704275,
      4.604757029435407,
      6.755482676685339
    ],
    [
      4.315386482466572,
      3.299740660056581,
      3.5054469109743125,
      2.113509936547674,
      6.403791680912427,
      6.577373203391852,
      7.257006046530355,
      14.020005240625476,
      3.8158543566275784,
      6.000659560025517,
      5.9778409054912185,
      8.49081012250272
    ],
    [
      5.024613705024451,
      3.677827912180719,
      4.590111661852699,
      3.104840342240721,
      4.798883694489174,
      4.0580174805571145,
      3.8001710393292245,
      3.750639124043364,
      6.30434791863325,
      9.936524656822604,
      6.722975300708731,
      4.38814986111512
    ],
    [
      6.419876975148903,
      6.726392945147629,
      5.776473766360459,
      5.76582096421995,
      8.233866439343487,
      10.62980702120759,
      5.044477063169058,
      9.744598011082653,
      5.736556102524944,
      5.769234695386876,
      4.403259020698654,
      12.66695397776554
    ],
    [
      5.0484048411376,
      2.625550884570213,
      10.704485221121711,
      4.980832989223221,
      9.483815627840128,
      5.06200548268327,
      3.039449991514979,
      5.184009818272179,
      5.8527776201434385,
      6.2192034523748205,
      3.6027396777969396,
      5.802933985044823
    ],
    [
      3.7824570639682635,
      3.1470604167378626,
      6.979275339703838,
      5.800254184623583,
      3.611529637939873,
      3.9862454841278567,
      3.3125013935770458,
      5.51727710742299,
      7.892119426182148,
      11.084786221073378,
      8.54658120973558,
      7.385859394870778
    ],
    [
      4.327803139106808,
      4.381959221115275,
      4.240379593329849,
      1.931819211992869,
      3.533094039014512,
      3.5269111029019844,
      5.8127007544102405,
      1.7170639596056563,
      9.00730565399455,
      2.6314378961979736,
      5.577456022416905,
      1.7477896557376054
    ],
    [
      6.661474256612685,
      10.873300418454026,
      11.373094772107308,
      10.969321740256909,
      5.381269320510178,
      6.3980043858432465,
      3.3154328496854415,
      6.45966357067953,
      4.256147886579711,
      6.056466786750429,
      4.74562154659779,
      5.328720006684827
    ],
    [
      8.15032210228962,
      5.147938933755874,
      7.899893819848751,
      3.9646924708151396,
      5.158962585312779,
      4.508754564349473,
      5.50266282217783,
      4.921890637219422,
      5.193030140014372,
      5.759807529691368,
      6.5003830658841695,
      4.886266182565018
    ],
    [
      1.2054390094579053,
